,count,mean,std,min,25%,50%,75%,max
Store ID ,896.0,448.5,258.797217913949,1.0,224.75,448.5,672.25,896.0
Store_Area,896.0,1485.4095982142858,250.2370109531925,775.0,1316.75,1477.0,1653.5,2229.0
Items_Available,896.0,1782.0357142857142,299.87205252419875,932.0,1575.5,1773.5,1982.75,2667.0
Daily_Customer_Count,896.0,786.3504464285714,265.3892807672703,10.0,600.0,780.0,970.0,1560.0
Store_Sales,896.0,59351.30580357143,17190.74189487829,14920.0,46530.0,58605.0,71872.5,116320.0
